{
  "summary" : "test",
  "title" : "EduToolsExample",
  "programming_language" : "kotlin",
  "language" : "en",
  "course_type" : "PyCharm",
  "items" : [
    {
      "title" : "lesson1",
      "task_list" : [
        {
          "name" : "task1",
          "files" : {
            "src/Task.kt" : {
              "name" : "src/Task.kt",
              "placeholders" : [
                {
                  "offset" : 37,
                  "length" : 4,
                  "possible_answer" : "n % 2 == 0",
                  "placeholder_text" : "TODO"
                }
              ],
              "is_visible" : true,
              "text" : "fun isOdd(n: Int): Boolean {\n    if (TODO) return true\n    return false\n}"
            },
            "test/Tests.kt" : {
              "name" : "test/Tests.kt",
              "placeholders" : [ ],
              "is_visible" : false,
              "text" : "import org.junit.Assert\nimport org.junit.Test\n\nclass Test {\n    @Test fun testSolution() {\n        Assert.assertEquals(true, isOdd(0))\n        Assert.assertEquals(false, isOdd(9))\n        Assert.assertEquals(true, isOdd(28))\n        Assert.assertEquals(false, isOdd(-1))\n        Assert.assertEquals(true, isOdd(-104))\n    }\n}"
            }
          },
          "description_text" : "<html>\n偶数奇数判定関数\n<div class=\"hint\">\n  %演算子を上手に使おう\n</div>\n</html>",
          "description_format" : "HTML",
          "feedback_link" : {
            "link_type" : "STEPIK"
          },
          "task_type" : "edu"
        }
      ],
      "type" : "lesson"
    }
  ],
  "additional_files" : [
    {
      "name" : "build.gradle",
      "placeholders" : [ ],
      "is_visible" : true,
      "text" : "buildscript {\n    ext.kotlin_version = '1.3.41'\n\n    repositories {\n        mavenCentral()\n        \n    }\n\n    dependencies {\n        classpath \"org.jetbrains.kotlin:kotlin-gradle-plugin:$kotlin_version\"\n    }\n}\n\ndef printOutput(def output) {\n    return tasks.create(\"printOutput\") {\n        for (line in output.toString().readLines()) {\n            println \"#educational_plugin\" + line\n        }\n    }\n}\n\nsubprojects {\n    apply plugin: 'application'\n    apply plugin: 'java'\n    apply plugin: 'kotlin'\n\n    sourceCompatibility = 1.8\n\n    repositories {\n        mavenCentral()\n        \n    }\n\n    dependencies {\n        compile \"org.jetbrains.kotlin:kotlin-stdlib-jdk8:$kotlin_version\"\n        testCompile group: 'junit', name: 'junit', version: '4.12'\n    }\n\n    compileKotlin.destinationDir = compileJava.destinationDir\n\n    compileKotlin {\n        kotlinOptions.jvmTarget = \"1.8\"\n    }\n    compileTestKotlin {\n        kotlinOptions.jvmTarget = \"1.8\"\n    }\n\n    sourceSets {\n        main {\n            kotlin.srcDir 'src'\n            java.srcDir 'src'\n        }\n        test {\n            kotlin.srcDir 'test'\n            java.srcDir 'test'\n        }\n    }\n\n    mainClassName = project.hasProperty(\"mainClass\") ? project.getProperty(\"mainClass\") : \"\"\n    test {\n        outputs.upToDateWhen { false }\n        afterTest { TestDescriptor test, TestResult result ->\n            if (result.resultType == TestResult.ResultType.FAILURE) {\n                def message = result.exception?.message ?: \"Wrong answer\"\n                def lines = message.readLines()\n                println \"#educational_plugin FAILED + \" + lines[0]\n                lines.subList(1, lines.size()).forEach { line ->\n                  println \"#educational_plugin\" + line\n                }\n                // we need this to separate output of different tests\n                println()\n            }\n        }\n    }\n\n    def runOutput = new ByteArrayOutputStream()\n    tasks.run.setStandardOutput(runOutput)\n    tasks.run.doLast { printOutput(runOutput) }\n}\n\nproject(':util') {\n    dependencies {\n        compile group: 'junit', name: 'junit', version: '4.12'\n    }\n}\n\nconfigure(subprojects.findAll {it.name != 'util'}) {\n  dependencies {\n    compile project(':util').sourceSets.main.output\n    testCompile project(':util').sourceSets.test.output\n  }\n}\n"
    }
  ],
  "version" : 11
}